Url,Title,Description
https://start.thefabulous.co/onboarding/fab-initial-fb,Fabulous,"Track Your Way to Better Mental Health with A Top-Ranked App. Say Goodbye to uncertainty with Fabulous, Kickstart your day with a productive and healthy routine."
https://start.thefabulous.co/onboarding/fab-initial-fb,Fabulous,"Track Your Way to Better Mental Health with A Top-Ranked App. Say Goodbye to uncertainty with Fabulous, Kickstart your day with a productive and healthy routine."
https://start.thefabulous.co/onboarding/fab-initial-fb,Fabulous,"Track Your Way to Better Mental Health with A Top-Ranked App. Say Goodbye to uncertainty with Fabulous, Kickstart your day with a productive and healthy routine."
https://start.thefabulous.co/onboarding/fab-initial-fb,Fabulous,"Track Your Way to Better Mental Health with A Top-Ranked App. Say Goodbye to uncertainty with Fabulous, Kickstart your day with a productive and healthy routine."
https://start.thefabulous.co/onboarding/fab-initial-fb,Fabulous,"Track Your Way to Better Mental Health with A Top-Ranked App. Say Goodbye to uncertainty with Fabulous, Kickstart your day with a productive and healthy routine."
https://start.thefabulous.co/onboarding/fab-initial-fb,Fabulous,"Track Your Way to Better Mental Health with A Top-Ranked App. Say Goodbye to uncertainty with Fabulous, Kickstart your day with a productive and healthy routine."
https://start.thefabulous.co/onboarding/fab-initial-fb,Fabulous,"Track Your Way to Better Mental Health with A Top-Ranked App. Say Goodbye to uncertainty with Fabulous, Kickstart your day with a productive and healthy routine."
https://start.thefabulous.co/onboarding/fab-initial-fb,Fabulous,"Track Your Way to Better Mental Health with A Top-Ranked App. Say Goodbye to uncertainty with Fabulous, Kickstart your day with a productive and healthy routine."
https://start.thefabulous.co/onboarding/fab-initial-fb,Fabulous,"Track Your Way to Better Mental Health with A Top-Ranked App. Say Goodbye to uncertainty with Fabulous, Kickstart your day with a productive and healthy routine."
https://start.thefabulous.co/onboarding/fab-initial-fb,Fabulous,"Track Your Way to Better Mental Health with A Top-Ranked App. Say Goodbye to uncertainty with Fabulous, Kickstart your day with a productive and healthy routine."
https://start.thefabulous.co/payment/pwyw/pwyw---new-pop-up-fab1?upsellPath=/journey/upselling/personalized-coaching-plan-1&upsellPath2OnSkipPath1=/journey/coaching/personal-coaching-3&discount=25,pwyw - new pop-up fab1,
